Workbook

Sheet PO Tracker
A1: PURCHASE ORDER TRACKER — ADI PROCUREMENT PROJECT
A2: Sreya Ghosh · Procurement Operations Practice Model · 2026
A3: PO Number | B3: Vendor Name | C3: Item Description | D3: Category | E3: Qty Ordered | F3: Unit Price (₹) | G3: Total Value (₹) | H3: Order Date | I3: Expected Delivery | J3: Actual Delivery | K3: Status | L3: Days Overdue | M3: Remarks
A4: PO-10001 | B4: Murata Electronics | C4: Capacitor 100nF SMD | D4: Components | E4: 5000 | F4: 18.5 | G4: =E4*F4 -> 92500 | H4: 24-Feb-2026 | I4: 21-Mar-2026 | J4: 20-Mar-2026 | K4: Delivered | L4: =IF(K4="Delivered",0,IF(AND(K4<>"Delivered",ISNUMBER(DATEVALUE(I4))),MAX(0,TODAY()-DATEVALUE(I4)),0)) -> 0 | M4: Delivered on time
A5: PO-10002 | B5: Texas Instruments | C5: IC Op-Amp TL072 | D5: ICs | E5: 2000 | F5: 85 | G5: =E5*F5 -> 170000 | H5: 26-Feb-2026 | I5: 23-Mar-2026 | J5: 22-Mar-2026 | K5: Delivered | L5: =IF(K5="Delivered",0,IF(AND(K5<>"Delivered",ISNUMBER(DATEVALUE(I5))),MAX(0,TODAY()-DATEVALUE(I5)),0)) -> 0 | M5: Early delivery
A6: PO-10003 | B6: Vishay Components | C6: Resistor 10K 0603 | D6: Components | E6: 10000 | F6: 2.2 | G6: =E6*F6 -> 22000 | H6: 01-Mar-2026 | I6: 28-Mar-2026 | K6: Open | L6: =IF(K6="Delivered",0,IF(AND(K6<>"Delivered",ISNUMBER(DATEVALUE(I6))),MAX(0,TODAY()-DATEVALUE(I6)),0)) -> 0 | M6: On track
A7: PO-10004 | B7: Molex Connectors | C7: JST 2-pin Connector | D7: Connectors | E7: 3000 | F7: 12.75 | G7: =E7*F7 -> 38250 | H7: 04-Mar-2026 | I7: 25-Mar-2026 | K7: Backorder | L7: =IF(K7="Delivered",0,IF(AND(K7<>"Delivered",ISNUMBER(DATEVALUE(I7))),MAX(0,TODAY()-DATEVALUE(I7)),0)) -> 1 | M7: Supplier short by 1200 units — escalated
A8: PO-10005 | B8: Samsung Semicon | C8: NAND Flash 4GB | D8: Memory | E8: 500 | F8: 420 | G8: =E8*F8 -> 210000 | H8: 06-Mar-2026 | I8: 27-Mar-2026 | K8: Acknowledged | L8: =IF(K8="Delivered",0,IF(AND(K8<>"Delivered",ISNUMBER(DATEVALUE(I8))),MAX(0,TODAY()-DATEVALUE(I8)),0)) -> 0 | M8: Confirmed by supplier 20-Mar
A9: PO-10006 | B9: Infineon Tech | C9: IGBT Module 600V | D9: Power | E9: 200 | F9: 1850 | G9: =E9*F9 -> 370000 | H9: 08-Mar-2026 | I9: 22-Mar-2026 | K9: Open | L9: =IF(K9="Delivered",0,IF(AND(K9<>"Delivered",ISNUMBER(DATEVALUE(I9))),MAX(0,TODAY()-DATEVALUE(I9)),0)) -> 4 | M9: Overdue — follow up initiated
A10: PO-10007 | B10: Amphenol Corp | C10: RF Coaxial Cable 1m | D10: Cables | E10: 1500 | F10: 95 | G10: =E10*F10 -> 142500 | H10: 11-Mar-2026 | I10: 29-Mar-2026 | K10: Acknowledged | L10: =IF(K10="Delivered",0,IF(AND(K10<>"Delivered",ISNUMBER(DATEVALUE(I10))),MAX(0,TODAY()-DATEVALUE(I10)),0)) -> 0 | M10: Supplier ack 22-Mar, on schedule
A11: PO-10008 | B11: Bourns Inc | C11: Inductor 100uH | D11: Components | E11: 8000 | F11: 7.8 | G11: =E11*F11 -> 62400 | H11: 14-Mar-2026 | I11: 24-Mar-2026 | K11: Backorder | L11: =IF(K11="Delivered",0,IF(AND(K11<>"Delivered",ISNUMBER(DATEVALUE(I11))),MAX(0,TODAY()-DATEVALUE(I11)),0)) -> 2 | M11: Vendor capacity issue — alt sourcing in progress
A12: PO-10009 | B12: TE Connectivity | C12: Terminal Block 4-way | D12: Connectors | E12: 2500 | F12: 28.5 | G12: =E12*F12 -> 71250 | H12: 16-Mar-2026 | I12: 31-Mar-2026 | K12: Open | L12: =IF(K12="Delivered",0,IF(AND(K12<>"Delivered",ISNUMBER(DATEVALUE(I12))),MAX(0,TODAY()-DATEVALUE(I12)),0)) -> 0 | M12: Within lead time
A13: PO-10010 | B13: STMicroelectronics | C13: MCU STM32F103 | D13: ICs | E13: 800 | F13: 285 | G13: =E13*F13 -> 228000 | H13: 18-Mar-2026 | I13: 23-Mar-2026 | K13: Open | L13: =IF(K13="Delivered",0,IF(AND(K13<>"Delivered",ISNUMBER(DATEVALUE(I13))),MAX(0,TODAY()-DATEVALUE(I13)),0)) -> 3 | M13: Overdue — escalated to category manager
A14: PO-10011 | B14: Panasonic Corp | C14: Electrolytic Cap 470uF | D14: Components | E14: 4000 | F14: 14.2 | G14: =E14*F14 -> 56800 | H14: 20-Mar-2026 | I14: 30-Mar-2026 | K14: Open | L14: =IF(K14="Delivered",0,IF(AND(K14<>"Delivered",ISNUMBER(DATEVALUE(I14))),MAX(0,TODAY()-DATEVALUE(I14)),0)) -> 0 | M14: On track
A15: PO-10012 | B15: NXP Semiconductors | C15: CAN Bus Transceiver | D15: ICs | E15: 1200 | F15: 165 | G15: =E15*F15 -> 198000 | H15: 21-Mar-2026 | I15: 28-Mar-2026 | K15: Acknowledged | L15: =IF(K15="Delivered",0,IF(AND(K15<>"Delivered",ISNUMBER(DATEVALUE(I15))),MAX(0,TODAY()-DATEVALUE(I15)),0)) -> 0 | M15: PO acknowledged, delivery confirmed
A16: PO-10013 | B16: Wuerth Elektronik | C16: EMI Filter SMD | D16: Components | E16: 6000 | F16: 9.5 | G16: =E16*F16 -> 57000 | H16: 23-Mar-2026 | I16: 02-Apr-2026 | K16: Open | L16: =IF(K16="Delivered",0,IF(AND(K16<>"Delivered",ISNUMBER(DATEVALUE(I16))),MAX(0,TODAY()-DATEVALUE(I16)),0)) -> 0 | M16: New vendor — monitoring closely
A17: PO-10014 | B17: Kemet Electronics | C17: Film Capacitor 1uF | D17: Components | E17: 3500 | F17: 22 | G17: =E17*F17 -> 77000 | H17: 24-Mar-2026 | I17: 05-Apr-2026 | K17: Open | L17: =IF(K17="Delivered",0,IF(AND(K17<>"Delivered",ISNUMBER(DATEVALUE(I17))),MAX(0,TODAY()-DATEVALUE(I17)),0)) -> 0 | M17: Adequate lead time
A18: PO-10015 | B18: Littelfuse Inc | C18: Fuse 2A 250V | D18: Protection | E18: 5000 | F18: 8.9 | G18: =E18*F18 -> 44500 | H18: 25-Mar-2026 | I18: 07-Apr-2026 | K18: Open | L18: =IF(K18="Delivered",0,IF(AND(K18<>"Delivered",ISNUMBER(DATEVALUE(I18))),MAX(0,TODAY()-DATEVALUE(I18)),0)) -> 0 | M18: Standard order
A20: LEGEND: | C20: Delivered | E20: Acknowledged | G20: Open | I20: Backorder / Overdue

Sheet Dashboard
A1: PROCUREMENT DASHBOARD — SUMMARY & KPIs
A2: As of: 26 March 2026 · Auto-calculated from PO Tracker sheet
B4: Total POs | D4: Total Spend (₹) | F4: Overdue POs | H4: Backorders
B5: =COUNTA('PO Tracker'!A4:A18) -> 15 | D5: =SUM('PO Tracker'!G4:G18) -> 1840200 | F5: =COUNTIF('PO Tracker'!L4:L18,">0") -> 4 | H5: =COUNTIF('PO Tracker'!K4:K18,"Backorder") -> 2
B7: Delivered | D7: Acknowledged | F7: Open Orders | H7: Avg Order Value
B8: =COUNTIF('PO Tracker'!K4:K18,"Delivered") -> 2 | D8: =COUNTIF('PO Tracker'!K4:K18,"Acknowledged") -> 3 | F8: =COUNTIF('PO Tracker'!K4:K18,"Open") -> 8 | H8: =AVERAGE('PO Tracker'!G4:G18) -> 122680
B10: STATUS BREAKDOWN | G10: OVERDUE / BACKORDER ALERTS
B11: Status | C11: Count | D11: Total Value (₹) | E11: % of Spend | G11: PO Number | H11: Vendor | I11: Status | J11: Days Late
B12: Delivered | C12: =COUNTIF('PO Tracker'!K4:K18,"Delivered") -> 2 | D12: =SUMIF('PO Tracker'!K4:K18,"Delivered",'PO Tracker'!G4:G18) -> 262500 | E12: =D12/SUM(D12:D15) -> 0.14264754 | G12: PO-10004 | H12: Molex Connectors | I12: Backorder | J12: =IFERROR(VLOOKUP("PO-10004",'PO Tracker'!A:L,12,0),"") -> 1
B13: Open | C13: =COUNTIF('PO Tracker'!K4:K18,"Open") -> 8 | D13: =SUMIF('PO Tracker'!K4:K18,"Open",'PO Tracker'!G4:G18) -> 926550 | E13: =D13/SUM(D12:D15) -> 0.50350505 | G13: PO-10006 | H13: Infineon Tech | I13: Open | J13: =IFERROR(VLOOKUP("PO-10006",'PO Tracker'!A:L,12,0),"") -> 4
B14: Acknowledged | C14: =COUNTIF('PO Tracker'!K4:K18,"Acknowledged") -> 3 | D14: =SUMIF('PO Tracker'!K4:K18,"Acknowledged",'PO Tracker'!G4:G18) -> 550500 | E14: =D14/SUM(D12:D15) -> 0.29915227 | G14: PO-10008 | H14: Bourns Inc | I14: Backorder | J14: =IFERROR(VLOOKUP("PO-10008",'PO Tracker'!A:L,12,0),"") -> 2
B15: Backorder | C15: =COUNTIF('PO Tracker'!K4:K18,"Backorder") -> 2 | D15: =SUMIF('PO Tracker'!K4:K18,"Backorder",'PO Tracker'!G4:G18) -> 100650 | E15: =D15/SUM(D12:D15) -> 0.054695142 | G15: PO-10010 | H15: STMicroelectronics | I15: Open | J15: =IFERROR(VLOOKUP("PO-10010",'PO Tracker'!A:L,12,0),"") -> 3
B16: TOTAL | C16: =SUM(C12:C15) -> 15 | D16: =SUM(D12:D15) -> 1840200 | E16: =SUM(E12:E15) -> 1
B18: SPEND BY CATEGORY | G18: HOW TO USE THIS TRACKER
B19: Category | C19: PO Count | D19: Total Spend (₹) | E19: % of Total | G19: 1. | H19: Go to 'PO Tracker' tab to view / add purchase orders
B20: Cables | C20: =COUNTIF('PO Tracker'!D4:D18,"Cables") -> 1 | D20: =SUMIF('PO Tracker'!D4:D18,"Cables",'PO Tracker'!G4:G18) -> 142500 | E20: =D20/SUM(D20:D26) -> 0.077437235 | G20: 2. | H20: Enter PO details — status updates drive dashboard automatically
B21: Components | C21: =COUNTIF('PO Tracker'!D4:D18,"Components") -> 6 | D21: =SUMIF('PO Tracker'!D4:D18,"Components",'PO Tracker'!G4:G18) -> 367700 | E21: =D21/SUM(D20:D26) -> 0.19981524 | G21: 3. | H21: Red rows = Backorder or Overdue — requires immediate buyer action
B22: Connectors | C22: =COUNTIF('PO Tracker'!D4:D18,"Connectors") -> 2 | D22: =SUMIF('PO Tracker'!D4:D18,"Connectors",'PO Tracker'!G4:G18) -> 109500 | E22: =D22/SUM(D20:D26) -> 0.059504402 | G22: 4. | H22: Green rows = Delivered — 3-way match can be initiated
B23: ICs | C23: =COUNTIF('PO Tracker'!D4:D18,"ICs") -> 3 | D23: =SUMIF('PO Tracker'!D4:D18,"ICs",'PO Tracker'!G4:G18) -> 596000 | E23: =D23/SUM(D20:D26) -> 0.32387784 | G23: 5. | H23: Blue rows = Acknowledged — monitor for delivery
B24: Memory | C24: =COUNTIF('PO Tracker'!D4:D18,"Memory") -> 1 | D24: =SUMIF('PO Tracker'!D4:D18,"Memory",'PO Tracker'!G4:G18) -> 210000 | E24: =D24/SUM(D20:D26) -> 0.11411803 | G24: 6. | H24: Days Overdue column auto-calculates from today's date
B25: Power | C25: =COUNTIF('PO Tracker'!D4:D18,"Power") -> 1 | D25: =SUMIF('PO Tracker'!D4:D18,"Power",'PO Tracker'!G4:G18) -> 370000 | E25: =D25/SUM(D20:D26) -> 0.2010651 | G25: 7. | H25: Dashboard KPIs refresh automatically as data changes
B26: Protection | C26: =COUNTIF('PO Tracker'!D4:D18,"Protection") -> 1 | D26: =SUMIF('PO Tracker'!D4:D18,"Protection",'PO Tracker'!G4:G18) -> 44500 | E26: =D26/SUM(D20:D26) -> 0.024182154 | G26: 8. | H26: In SAP: ME21N=Create PO · MIGO=Goods Receipt · ME2M=Open POs
B27: TOTAL | C27: =SUM(C20:C26) -> 15 | D27: =SUM(D20:D26) -> 1840200 | E27: 100.0%

Sheet Vendor Master
A1: VENDOR MASTER LIST — APPROVED SUPPLIERS
A2: Vendor ID | B2: Vendor Name | C2: Category | D2: Country | E2: Lead Time (days) | F2: Payment Terms | G2: Status
A3: V-001 | B3: Murata Electronics | C3: Components | D3: Japan | E3: 14 | F3: Net 30 | G3: Active
A4: V-002 | B4: Texas Instruments | C4: ICs | D4: USA | E4: 21 | F4: Net 45 | G4: Active
A5: V-003 | B5: Vishay Components | C5: Components | D5: USA | E5: 10 | F5: Net 30 | G5: Active
A6: V-004 | B6: Molex Connectors | C6: Connectors | D6: USA | E6: 18 | F6: Net 30 | G6: Active
A7: V-005 | B7: Samsung Semicon | C7: Memory | D7: South Korea | E7: 25 | F7: Net 60 | G7: Active
A8: V-006 | B8: Infineon Tech | C8: Power | D8: Germany | E8: 20 | F8: Net 45 | G8: Active
A9: V-007 | B9: Amphenol Corp | C9: Cables | D9: USA | E9: 12 | F9: Net 30 | G9: Active
A10: V-008 | B10: Bourns Inc | C10: Components | D10: USA | E10: 15 | F10: Net 30 | G10: On Hold
A11: V-009 | B11: TE Connectivity | C11: Connectors | D11: Switzerland | E11: 17 | F11: Net 30 | G11: Active
A12: V-010 | B12: STMicroelectronics | C12: ICs | D12: Switzerland | E12: 22 | F12: Net 45 | G12: Active
A13: V-011 | B13: Panasonic Corp | C13: Components | D13: Japan | E13: 14 | F13: Net 30 | G13: Active
A14: V-012 | B14: NXP Semiconductors | C14: ICs | D14: Netherlands | E14: 19 | F14: Net 45 | G14: Active
... A17: V-015 | B17: Littelfuse Inc | C17: Protection | D17: USA | E17: 11 | F17: Net 30 | G17: Active
A19: Active Vendors: | B19: =COUNTIF(G3:G17,"Active") -> 14
